{
  "version": "Physical Encoder V2.1.3",
  "epoch": 2,
  "global_step": 8000,
  "batch_idx": 2532,
  "remote_id": "single/optical/bf3fdb3144b9",
  "variant": "translation",
  "model_input_shape": [
    512,
    512
  ],
  "coarse_feature_shape": [
    64,
    64
  ],
  "display": {
    "input": "native 512x512 model tensor",
    "features": "native 64x64 coarse grid enlarged with nearest-neighbor"
  },
  "files": [
    "inputs.png",
    "odd_even_features.png",
    "physical_gates.png",
    "descriptor_features.png"
  ],
  "losses": {
    "total": 14.767582893371582,
    "recover": 5.079806804656982,
    "keep": 0.015846114605665207,
    "physical": 4.950534343719482,
    "unary": 15.757136344909668,
    "orientation": 0.06138463690876961
  },
  "gabor": {
    "wavelength": [
      3.0063257217407227,
      6.056804180145264,
      11.94434928894043
    ],
    "sigma": [
      1.6828187704086304,
      3.3784546852111816,
      6.623528003692627
    ],
    "gamma": [
      0.5019362568855286,
      0.5014922618865967,
      0.5018211603164673
    ]
  }
}