{
  "evaluation": "multimodal",
  "protocol": {
    "matching": "coarse cosine mutual-nearest-neighbor; no RANSAC",
    "correct": "original-coordinate reprojection error <= 5.0px",
    "success": "NCM >= 20",
    "failed_rmse": 10.0
  },
  "model": "physical_full",
  "checkpoint": "logs/tb_logs/physical_v0/physical_full_ratio100_gpu1_bs8_seed66_resume/checkpoints/best-12-0.9969.ckpt",
  "manifest": "data/remote_archive/manifests/test_SwinMatcher_proposed_gt.jsonl",
  "image_size": 512,
  "trainable_parameters": 44899,
  "overall": {
    "num_pairs": 400,
    "NCM": 35.115,
    "Pre": 0.043372996264892515,
    "SR": 0.4225,
    "RMSE": 7.111638113605095,
    "mean_matches": 629.07,
    "mean_runtime_ms": 6.927532427798724
  },
  "by_modality_pair": {
    "optical-lidar": {
      "num_pairs": 50,
      "NCM": 11.02,
      "Pre": 0.014417590524445223,
      "SR": 0.18,
      "RMSE": 8.756978619552477,
      "mean_matches": 752.36,
      "mean_runtime_ms": 6.34190330049023
    },
    "optical-map": {
      "num_pairs": 100,
      "NCM": 0.05,
      "Pre": 0.00016957029025796208,
      "SR": 0.0,
      "RMSE": 10.0,
      "mean_matches": 267.31,
      "mean_runtime_ms": 6.347085568704642
    },
    "optical-sar": {
      "num_pairs": 70,
      "NCM": 98.01428571428572,
      "Pre": 0.10368701984343953,
      "SR": 0.8571428571428571,
      "RMSE": 4.123031277705732,
      "mean_matches": 898.5428571428571,
      "mean_runtime_ms": 6.220201030373573
    },
    "sar-lidar": {
      "num_pairs": 180,
      "NCM": 36.827777777777776,
      "Pre": 0.0519626142314899,
      "SR": 0.5555555555555556,
      "RMSE": 6.212189583472293,
      "mean_matches": 691.0055555555556,
      "mean_runtime_ms": 7.687750983879798
    }
  },
  "optical_reference_precision": null,
  "cross_modal_retention": {},
  "slim_coarse_complementarity": {
    "overall": {
      "r0": {
        "both_correct": 8812,
        "physical_only": 14898,
        "slim_only": 106138,
        "both_wrong": 939177,
        "CRR": 0.015615124597122868,
        "num_correspondences": 1069025
      },
      "r1": {
        "both_correct": 25317,
        "physical_only": 26363,
        "slim_only": 217039,
        "both_wrong": 800306,
        "CRR": 0.03189063579256026,
        "num_correspondences": 1069025
      }
    },
    "optical-lidar": {
      "r0": {
        "both_correct": 288,
        "physical_only": 991,
        "slim_only": 8042,
        "both_wrong": 125299,
        "CRR": 0.007847018766331459,
        "num_correspondences": 134620
      },
      "r1": {
        "both_correct": 1076,
        "physical_only": 2471,
        "slim_only": 17973,
        "both_wrong": 113100,
        "CRR": 0.021380796220505142,
        "num_correspondences": 134620
      }
    },
    "optical-map": {
      "r0": {
        "both_correct": 7,
        "physical_only": 46,
        "slim_only": 11823,
        "both_wrong": 235714,
        "CRR": 0.00019511367492365116,
        "num_correspondences": 247590
      },
      "r1": {
        "both_correct": 77,
        "physical_only": 297,
        "slim_only": 32564,
        "both_wrong": 214652,
        "CRR": 0.0013817231064112883,
        "num_correspondences": 247590
      }
    },
    "optical-sar": {
      "r0": {
        "both_correct": 4007,
        "physical_only": 6732,
        "slim_only": 19623,
        "both_wrong": 162623,
        "CRR": 0.039750819284934014,
        "num_correspondences": 192985
      },
      "r1": {
        "both_correct": 11057,
        "physical_only": 10993,
        "slim_only": 40303,
        "both_wrong": 130632,
        "CRR": 0.07762047661076787,
        "num_correspondences": 192985
      }
    },
    "sar-lidar": {
      "r0": {
        "both_correct": 4510,
        "physical_only": 7129,
        "slim_only": 66650,
        "both_wrong": 415541,
        "CRR": 0.01686658622566068,
        "num_correspondences": 493830
      },
      "r1": {
        "both_correct": 13107,
        "physical_only": 12602,
        "slim_only": 126199,
        "both_wrong": 341922,
        "CRR": 0.03554625356816464,
        "num_correspondences": 493830
      }
    }
  },
  "checkpoint_hparams": {
    "model_name": "physical_full",
    "similarity_mode": "full",
    "learning_rate": 0.0001,
    "weight_decay": 0.01,
    "max_epochs": 20,
    "coarse_scale": 8,
    "chunk_size": 256
  }
}