{
  "num_pairs": 1755,
  "total_matches": 5349077,
  "valid_matches": 5349077,
  "ncm_threshold": 5.0,
  "NCM": 3567600,
  "Precision": 0.6669561870206766,
  "sr_min_ncm": 20,
  "SR": 0.9686609686609686,
  "successful_pairs": 1700,
  "mean_matches": 3047.9071225071225,
  "mean_valid_matches": 3047.9071225071225,
  "mean_error": 10.560709260076877,
  "median_error": 3.487950183970142,
  "rmse": 28.450616891490437,
  "RMSE_correct_matches": 2.8219267755593047,
  "RMSE_pair_protocol": 3.020878511415184,
  "failed_rmse": 10.0,
  "MACE": 62.97496761343291,
  "AUC_threshold": 5.0,
  "AUC": 0.15421897363092804,
  "main_threshold": 5.0,
  "main_inlier": 0.6669561870206766,
  "inlier@1": 0.07315280748435665,
  "pair_inlier@1": 0.08192405227412965,
  "inlier@3": 0.4243059129640497,
  "pair_inlier@3": 0.4517854168753845,
  "inlier@5": 0.6669561870206766,
  "pair_inlier@5": 0.6816546283064211,
  "inlier@10": 0.8495174027220023,
  "pair_inlier@10": 0.8418312494233796,
  "manifest_path": "data/remote_archive/manifests/test_jl1flight_gt.jsonl",
  "ckpt_path": "logs/tb_logs/jl1flight_gt_pairs/lr5e-5_bs6_512_epoch40_fixgt/checkpoints/best-epoch=6-remote_inlier@5=0.921-remote_median_error=1.99.ckpt",
  "config_name": "outdoor_test",
  "manifest_split": "test",
  "image_size": 512,
  "coarse_matcher": "full",
  "eval_aug_variants": [
    "mixed"
  ],
  "homography_difficulty": 0.0,
  "ransac_reproj_threshold": 5.0,
  "num_visualizations": 10
}