{
  "num_pairs": 25820,
  "total_matches": 102693407,
  "valid_matches": 102693407,
  "ncm_threshold": 5.0,
  "NCM": 101529147,
  "Precision": 0.9886627580678086,
  "sr_min_ncm": 20,
  "SR": 1.0,
  "successful_pairs": 25820,
  "mean_matches": 3977.281448489543,
  "mean_valid_matches": 3977.281448489543,
  "mean_error": 0.22258151430402537,
  "median_error": 0.036587430442543416,
  "rmse": 1.8222657033275436,
  "RMSE_correct_matches": 0.06706680624113862,
  "RMSE_pair_protocol": 0.06074773929626841,
  "failed_rmse": 10.0,
  "MACE": 0.027539862622040702,
  "AUC_threshold": 5.0,
  "AUC": 0.9944938425595625,
  "main_threshold": 5.0,
  "main_inlier": 0.9886627580678086,
  "inlier@1": 0.9886160656837493,
  "pair_inlier@1": 0.9886796252508743,
  "inlier@3": 0.9886561656290165,
  "pair_inlier@3": 0.9887201710149938,
  "inlier@5": 0.9886627580678086,
  "pair_inlier@5": 0.9887267915826919,
  "inlier@10": 0.9886950386211258,
  "pair_inlier@10": 0.9887591218694793,
  "manifest_path": "data/remote_archive/manifests/val_optical_single_images.jsonl",
  "ckpt_path": "logs/tb_logs/opt_single/lr5e-5_bs6_512_epoch20/checkpoints/best-epoch=4-remote_inlier@5=1.000-remote_median_error=0.03.ckpt",
  "config_name": "outdoor_test",
  "manifest_split": "val",
  "image_size": 512,
  "coarse_matcher": "full",
  "eval_aug_variants": [
    "translation",
    "scale",
    "yaw",
    "pitch",
    "roll"
  ],
  "homography_difficulty": 0.3,
  "ransac_reproj_threshold": 5.0,
  "num_visualizations": 10
}