modality_pair,num_pairs,NCM,Pre,SR,RMSE,mean_matches,mean_runtime_ms,mean_keypoints0,mean_keypoints1
optical-lidar,50,0.64,0.010389932491733372,0.0,10.0,48.7,1387.9419381450862,1002.2,766.98
optical-map,100,0.02,0.00033503836317135547,0.0,10.0,43.16,1028.8188140944112,1341.8,910.45
optical-sar,70,14.5,0.03201225355714493,0.24285714285714285,8.297698254771351,459.3285714285714,1368.1451858420457,1069.5714285714287,1175.4
sar-lidar,180,0.4666666666666667,0.011857413279517365,0.0,10.0,36.361111111111114,1438.730058749853,972.0555555555555,777.8222222222222
