modality_pair,num_pairs,NCM,Pre,SR,RMSE,mean_matches,mean_runtime_ms
optical-lidar,50,870.08,0.2610477623148674,0.94,2.9143271402946858,2951.32,64.14887629973236
optical-map,100,434.02,0.15241344028757295,0.9,3.6728541215716213,2489.68,64.48477962097968
optical-sar,70,1621.9,0.36724482238414563,0.9857142857142858,2.6068578142638015,4056.1428571428573,73.96968662942527
sar-lidar,180,1853.3,0.46577032361138726,0.9888888888888889,2.386909066069194,3756.988888888889,71.6672984838725
