modality_pair,num_pairs,NCM,Pre,SR,RMSE,mean_matches,mean_runtime_ms
optical-depth,100,1562.99,0.37010911622361803,0.95,3.009312694801402,3805.02,64.61210137029411
optical-infrared,100,1342.92,0.33881369686732543,0.98,2.7179269174331036,4021.89,63.840181520208716
optical-map,100,1259.92,0.4405549281203209,0.86,3.3352117371079317,2338.5,71.11382174029131
optical-optical,100,2221.12,0.49343670695180064,1.0,2.179804065223764,4312.97,78.87732342031086
optical-sar,100,686.8,0.17491703693816776,0.95,3.306010010779368,3722.64,63.83531444007531
optical_day-optical_night,100,1495.53,0.3530231213922317,0.97,2.6410612543415293,3813.44,58.92237909036339
