{
  "num_pairs": 9112,
  "total_matches": 20239038,
  "valid_matches": 20239038,
  "ncm_threshold": 5.0,
  "NCM": 12308648,
  "Precision": 0.608163688412463,
  "sr_min_ncm": 20,
  "SR": 1.0,
  "successful_pairs": 9112,
  "mean_matches": 2221.141132572432,
  "mean_valid_matches": 2221.141132572432,
  "mean_error": 4.640267134360473,
  "median_error": 4.021703667174009,
  "rmse": 5.355826418475909,
  "RMSE_correct_matches": 3.1444060345068654,
  "RMSE_pair_protocol": 3.1905234048252966,
  "failed_rmse": 10.0,
  "MACE": 12.506825054001807,
  "AUC_threshold": 5.0,
  "AUC": 0.0035647050423060307,
  "main_threshold": 5.0,
  "main_inlier": 0.608163688412463,
  "inlier@1": 0.03170649711710606,
  "pair_inlier@1": 0.02885620460272752,
  "inlier@3": 0.2887938152001098,
  "pair_inlier@3": 0.2715387182612338,
  "inlier@5": 0.608163688412463,
  "pair_inlier@5": 0.5921217716505474,
  "inlier@10": 0.9730968438322019,
  "pair_inlier@10": 0.9715198018926363,
  "manifest_path": "data/remote_archive/manifests/train_GoogleEarth.jsonl",
  "ckpt_path": "logs/tb_logs/googleearth_pairs/lr5e-5_bs6_512_epoch40_resume/checkpoints/best-epoch=32-remote_inlier@5=0.992-remote_median_error=0.33.ckpt",
  "config_name": "outdoor_test",
  "manifest_split": "train",
  "image_size": 512,
  "coarse_matcher": "full",
  "eval_aug_variants": [
    "mixed"
  ],
  "homography_difficulty": 0.0,
  "ransac_reproj_threshold": 5.0,
  "num_visualizations": 10
}