modality_pair,num_pairs,detector_repeatability_r3,detector_repeatability_r5,detector_projected_valid,orientation_median_error_deg,orientation_mean_error_deg,odd_correlation,even_correlation,roe_correlation,vimo_correlation,vimo_agreement,vimo_iou,physical_samples
optical-lidar,20,0.22451200928815035,0.42544082432334374,13781.0,34.26800832748413,38.253907203674316,0.3948209956394449,0.39402753878829444,0.09883007207801393,0.06000015547016753,0.1960749029367625,0.047149671643857506,13761.0
optical-map,20,0.17662489070241913,0.37336053628679683,10293.0,39.802198219299314,41.660970306396486,0.05841420254212374,0.012166132533581082,-0.01306020044752651,0.012297617869548926,0.07055497429647146,0.05449383928676247,10266.0
optical-sar,20,0.3086918627684019,0.5093098803581333,12621.0,26.393074417114256,33.56527042388916,0.5825646378932835,0.6002402751322233,0.13136864374497415,0.20786864423367507,0.8949904296559421,0.12704354158244266,12597.0
sar-lidar,20,0.23869303525365435,0.4176268271711092,11630.0,28.698144245147706,33.44316282272339,0.3728786928168261,0.3559223628397368,0.10282223615124375,0.009774035675263854,0.46274947404693956,0.002119289225138669,11601.0
