{
  "num_pairs": 1013,
  "total_matches": 2249363,
  "valid_matches": 2249363,
  "ncm_threshold": 5.0,
  "NCM": 1366024,
  "Precision": 0.6072937093746096,
  "sr_min_ncm": 20,
  "SR": 1.0,
  "successful_pairs": 1013,
  "mean_matches": 2220.496544916091,
  "mean_valid_matches": 2220.496544916091,
  "mean_error": 4.645654630886639,
  "median_error": 4.031015762563918,
  "rmse": 5.3608952795292195,
  "RMSE_correct_matches": 3.1483327184377443,
  "RMSE_pair_protocol": 3.192177277657703,
  "failed_rmse": 10.0,
  "MACE": 12.519194920332673,
  "AUC_threshold": 5.0,
  "AUC": 0.004602169973958405,
  "main_threshold": 5.0,
  "main_inlier": 0.6072937093746096,
  "inlier@1": 0.03265546734786693,
  "pair_inlier@1": 0.02930123624667602,
  "inlier@3": 0.2870559353914864,
  "pair_inlier@3": 0.270358579221486,
  "inlier@5": 0.6072937093746096,
  "pair_inlier@5": 0.5917436275135535,
  "inlier@10": 0.9728425336417466,
  "pair_inlier@10": 0.9712238915648901,
  "manifest_path": "data/remote_archive/manifests/test_GoogleEarth.jsonl",
  "ckpt_path": "logs/tb_logs/googleearth_pairs/lr5e-5_bs6_512_epoch40_resume/checkpoints/best-epoch=32-remote_inlier@5=0.992-remote_median_error=0.33.ckpt",
  "config_name": "outdoor_test",
  "manifest_split": "test",
  "image_size": 512,
  "coarse_matcher": "full",
  "eval_aug_variants": [
    "mixed"
  ],
  "homography_difficulty": 0.0,
  "ransac_reproj_threshold": 5.0,
  "num_visualizations": 10
}