{
  "version": "Physical Encoder V2.1.2",
  "epoch": 0,
  "global_step": 1880,
  "batch_idx": 1880,
  "remote_id": "single/optical/f8ed76c211d7",
  "variant": "translation",
  "model_input_shape": [
    512,
    512
  ],
  "coarse_feature_shape": [
    64,
    64
  ],
  "display": {
    "input": "native 512x512 model tensor",
    "features": "native 64x64 coarse grid enlarged with nearest-neighbor"
  },
  "files": [
    "inputs.png",
    "odd_even_features.png",
    "physical_gates.png",
    "descriptor_features.png"
  ],
  "losses": {
    "total": 7.125729560852051,
    "recover": 0.6935920119285583,
    "keep": 0.0003218644415028393,
    "physical": 1.8452939987182617,
    "unary": 15.270503997802734,
    "orientation": 0.05611363798379898
  },
  "gabor": {
    "wavelength": [
      2.999019145965576,
      6.015070915222168,
      11.9715576171875
    ],
    "sigma": [
      1.6789661645889282,
      3.3660030364990234,
      6.684638500213623
    ],
    "gamma": [
      0.5000613331794739,
      0.5005180835723877,
      0.5004345178604126
    ]
  }
}