{
  "num_pairs": 1755,
  "total_matches": 2700880,
  "valid_matches": 2700880,
  "ncm_threshold": 5.0,
  "NCM": 3039,
  "Precision": 0.0011251888273451616,
  "sr_min_ncm": 20,
  "SR": 0.015954415954415956,
  "successful_pairs": 28,
  "mean_matches": 1538.962962962963,
  "mean_valid_matches": 1538.962962962963,
  "mean_error": 195.62455834255687,
  "median_error": 186.05912484787575,
  "rmse": 221.53154029389177,
  "RMSE_correct_matches": 3.490224014191836,
  "RMSE_pair_protocol": 9.897937005379255,
  "failed_rmse": 10.0,
  "MACE": 161.65777953513518,
  "AUC_threshold": 5.0,
  "AUC": 0.0,
  "main_threshold": 5.0,
  "main_inlier": 0.0011251888273451616,
  "inlier@1": 3.3322472675572406e-05,
  "pair_inlier@1": 6.27018655437705e-05,
  "inlier@3": 0.00044504013506708925,
  "pair_inlier@3": 0.0004135983533805772,
  "inlier@5": 0.0011251888273451616,
  "pair_inlier@5": 0.0012150304741245603,
  "inlier@10": 0.0037917271407837444,
  "pair_inlier@10": 0.003856864372235941,
  "manifest_path": "data/remote_archive/manifests/test_jl1flight_gt.jsonl",
  "ckpt_path": "logs/tb_logs/jl1flight_gt_pairs/lr5e-5_bs6_512_epoch45_resume/checkpoints/best-epoch=59-remote_inlier@5=0.011-remote_median_error=69.99.ckpt",
  "config_name": "outdoor_test",
  "manifest_split": "test",
  "image_size": 512,
  "coarse_matcher": "full",
  "eval_aug_variants": [
    "mixed"
  ],
  "homography_difficulty": 0.0,
  "ransac_reproj_threshold": 5.0,
  "num_visualizations": 10
}