modality_pair,num_pairs,NCM,Pre,SR,RMSE,mean_matches,mean_runtime_ms,mean_keypoints0,mean_keypoints1
optical-depth,100,1.09,0.008267031811467634,0.0,10.0,137.48,1005.1272853906266,1023.4,924.75
optical-infrared,100,23.52,0.07113598474122357,0.3,7.85536710276032,182.0,1233.0090748867951,1199.0,949.22
optical-map,100,0.43,0.005654120461375839,0.0,10.0,53.81,812.1209413767792,1161.3,513.38
optical-optical,100,9.11,0.030225753276143984,0.15,8.913370376996077,177.37,1395.9885552001651,1084.4,993.49
optical-sar,100,3.1,0.01096586586261101,0.01,9.933841668757811,250.61,1475.2454871381633,1102.2,1076.74
optical_day-optical_night,100,2.11,0.006965938739466506,0.03,9.786902464402578,190.93,1589.3380287266336,1278.7,1186.72
