{
  "checkpoint": "logs/tb_logs/physical_v2_1_4_googleearth_single/physical_v2_1_4_core_googleearth_rectified_d70_rot45_lg_img512_gpu0_bs6_ebs6_seed66_ep20/checkpoints/best-18.ckpt",
  "manifest": "data/remote_archive/manifests/val_GoogleEarth_single.jsonl",
  "protocol": {
    "grid": "64x64",
    "similarity": "one-way dot-product nearest neighbor",
    "r0": "Chebyshev grid distance == 0",
    "r1": "Chebyshev grid distance <= 1",
    "variants": [
      "translation",
      "scale",
      "yaw",
      "pitch",
      "roll"
    ]
  },
  "metrics": {
    "all": {
      "count": 25630764,
      "base_r0": 0.8099107385171975,
      "base_r1": 0.9402229289770684,
      "enhanced_r0": 0.8191509234761789,
      "enhanced_r1": 0.9793788823462305,
      "physical_r0": 0.6092371261348276,
      "physical_r1": 0.9219539846724819,
      "rescued_r0": 0.07454740717053927,
      "harmed_r0": 0.06530722221155795,
      "net_gain_r0": 0.009240184958981323,
      "both_correct_r0": 0.7446035163056396,
      "both_wrong_r0": 0.11554185431226319,
      "rescued_r1": 0.041361857180691144,
      "harmed_r1": 0.0022059038115289894,
      "net_gain_r1": 0.03915595336916215,
      "both_correct_r1": 0.9380170251655393,
      "both_wrong_r1": 0.01841521384224052
    },
    "translation": {
      "count": 5249204,
      "base_r0": 0.8516319807727039,
      "base_r1": 0.9604951531698901,
      "enhanced_r0": 0.8515367282353667,
      "enhanced_r1": 0.9901992759283121,
      "physical_r0": 0.7328581628757427,
      "physical_r1": 0.9368978610852235,
      "rescued_r0": 0.06717285135041427,
      "harmed_r0": 0.06726810388775137,
      "net_gain_r0": -9.525253733708958e-05,
      "both_correct_r0": 0.7843638768849525,
      "both_wrong_r0": 0.0811951678768819,
      "rescued_r1": 0.031353134684801734,
      "harmed_r1": 0.0016490119263796949,
      "net_gain_r1": 0.02970412275842204,
      "both_correct_r1": 0.9588461412435104,
      "both_wrong_r1": 0.008151712145308127
    },
    "scale": {
      "count": 4601629,
      "base_r0": 0.8487639920558567,
      "base_r1": 0.9694821116608923,
      "enhanced_r0": 0.8544595837691391,
      "enhanced_r1": 0.9944358834664855,
      "physical_r0": 0.6278859073601979,
      "physical_r1": 0.9392786771814938,
      "rescued_r0": 0.06662184196074912,
      "harmed_r0": 0.060926250247466715,
      "net_gain_r0": 0.005695591713282405,
      "both_correct_r0": 0.7878377418083901,
      "both_wrong_r0": 0.08461416598339414,
      "rescued_r1": 0.026361534143669558,
      "harmed_r1": 0.001407762338076364,
      "net_gain_r1": 0.024953771805593192,
      "both_correct_r1": 0.9680743493228159,
      "both_wrong_r1": 0.0041563541954381805
    },
    "yaw": {
      "count": 4862786,
      "base_r0": 0.8111710036180906,
      "base_r1": 0.9647860300658923,
      "enhanced_r0": 0.8149768466060402,
      "enhanced_r1": 0.9878692996154879,
      "physical_r0": 0.47661587411002665,
      "physical_r1": 0.874932600365305,
      "rescued_r0": 0.07168730024311167,
      "harmed_r0": 0.06788145725516195,
      "net_gain_r0": 0.0038058429879497062,
      "both_correct_r0": 0.7432895463629285,
      "both_wrong_r0": 0.1171416961387978,
      "rescued_r1": 0.025922177122332753,
      "harmed_r1": 0.00283890757273711,
      "net_gain_r1": 0.023083269549595643,
      "both_correct_r1": 0.9619471224931552,
      "both_wrong_r1": 0.009291792811774979
    },
    "pitch": {
      "count": 4823625,
      "base_r0": 0.8180646298167872,
      "base_r1": 0.9667915727279794,
      "enhanced_r0": 0.814944984321957,
      "enhanced_r1": 0.9869788799917075,
      "physical_r0": 0.47550089403716084,
      "physical_r1": 0.8752378138847858,
      "rescued_r0": 0.06937168623182773,
      "harmed_r0": 0.07249133172665785,
      "net_gain_r0": -0.003119645494830133,
      "both_correct_r0": 0.7455732980901293,
      "both_wrong_r0": 0.11256368395138511,
      "rescued_r1": 0.023542874912539844,
      "harmed_r1": 0.0033555676488118374,
      "net_gain_r1": 0.020187307263728006,
      "both_correct_r1": 0.9634360050791676,
      "both_wrong_r1": 0.00966555235948068
    },
    "roll": {
      "count": 6093520,
      "base_r0": 0.7371693208523152,
      "base_r1": 0.8600303272985073,
      "enhanced_r0": 0.7712489661148236,
      "enhanced_r1": 0.9458954758497552,
      "physical_r0": 0.7003626803555252,
      "physical_r1": 0.9705024353739711,
      "rescued_r0": 0.09326481245651118,
      "harmed_r0": 0.05918516719400281,
      "net_gain_r0": 0.03407964526250837,
      "both_correct_r0": 0.6779841536583124,
      "both_wrong_r0": 0.16956586669117357,
      "rescued_r1": 0.08773828591684281,
      "harmed_r1": 0.0018731373655949271,
      "net_gain_r1": 0.08586514855124788,
      "both_correct_r1": 0.8581571899329123,
      "both_wrong_r1": 0.052231386784649926
    }
  },
  "feature_norms": {
    "a_base_norm": 67.24536093032452,
    "a_delta_norm": 40.20824588227089,
    "a_enhanced_norm": 72.70297203859566,
    "b_base_norm": 66.07883759717386,
    "b_delta_norm": 39.75390604649365,
    "b_enhanced_norm": 72.1228697264888
  }
}