{
  "checkpoint": "logs/tb_logs/physical_v2_1_4_googleearth_single/physical_v2_1_4_core_googleearth_rectified_d70_rot45_lg_img512_gpu0_bs6_ebs6_seed66_ep20/checkpoints/best-18.ckpt",
  "manifest": "data/remote_archive/manifests/val_GoogleEarth_single.jsonl",
  "protocol": {
    "grid": "64x64",
    "similarity": "one-way dot-product nearest neighbor",
    "r0": "Chebyshev grid distance == 0",
    "r1": "Chebyshev grid distance <= 1",
    "variants": [
      "translation",
      "scale",
      "yaw",
      "pitch",
      "roll"
    ]
  },
  "metrics": {
    "all": {
      "count": 25630764,
      "base_r0": 0.8086908763234681,
      "base_r1": 0.9401116564453561,
      "enhanced_r0": 0.8185146568397259,
      "enhanced_r1": 0.9793614423666809,
      "rescued_r0": 0.07491524638126276,
      "harmed_r0": 0.06509146586500504,
      "net_gain_r0": 0.009823780516257728,
      "both_correct_r0": 0.7435994104584631,
      "both_wrong_r0": 0.11639387729526908,
      "rescued_r1": 0.041440356596471335,
      "harmed_r1": 0.0021905706751464762,
      "net_gain_r1": 0.03924978592132486,
      "both_correct_r1": 0.9379210857702096,
      "both_wrong_r1": 0.018447986958172607
    },
    "translation": {
      "count": 5249204,
      "base_r0": 0.8508701509790818,
      "base_r1": 0.9605002968069063,
      "enhanced_r0": 0.8510414150412139,
      "enhanced_r1": 0.9901914652202506,
      "rescued_r0": 0.06756700634991515,
      "harmed_r0": 0.06739574228778306,
      "net_gain_r0": 0.00017126406213208706,
      "both_correct_r0": 0.7834744086912987,
      "both_wrong_r0": 0.08156284267100307,
      "rescued_r1": 0.0313445619564414,
      "harmed_r1": 0.001653393543097201,
      "net_gain_r1": 0.029691168413344196,
      "both_correct_r1": 0.9588469032638092,
      "both_wrong_r1": 0.008155141236652261
    },
    "scale": {
      "count": 4601629,
      "base_r0": 0.8471184878224646,
      "base_r1": 0.96942256752989,
      "enhanced_r0": 0.8536329199942021,
      "enhanced_r1": 0.9944324064369379,
      "rescued_r0": 0.0670473434516342,
      "harmed_r0": 0.060532911279896746,
      "net_gain_r0": 0.006514432171737443,
      "both_correct_r0": 0.7865855765425679,
      "both_wrong_r0": 0.0858341687259012,
      "rescued_r1": 0.026403910441280685,
      "harmed_r1": 0.0013940715342327685,
      "net_gain_r1": 0.025009838907047915,
      "both_correct_r1": 0.9680284959956572,
      "both_wrong_r1": 0.004173522028829356
    },
    "yaw": {
      "count": 4862786,
      "base_r0": 0.8093202127340171,
      "base_r1": 0.9645972493957168,
      "enhanced_r0": 0.8138729526654062,
      "enhanced_r1": 0.9878497634894894,
      "rescued_r0": 0.07205725277649479,
      "harmed_r0": 0.06750451284510567,
      "net_gain_r0": 0.004552739931389126,
      "both_correct_r0": 0.7418156998889114,
      "both_wrong_r0": 0.11862253448948812,
      "rescued_r1": 0.02606797831531143,
      "harmed_r1": 0.0028154642215388465,
      "net_gain_r1": 0.023252514093772582,
      "both_correct_r1": 0.9617817851741779,
      "both_wrong_r1": 0.009334772288971796
    },
    "pitch": {
      "count": 4823625,
      "base_r0": 0.8161554847236259,
      "base_r1": 0.9666858431159139,
      "enhanced_r0": 0.8138580424473295,
      "enhanced_r1": 0.9869426002228614,
      "rescued_r0": 0.06976578817797818,
      "harmed_r0": 0.07206323045427454,
      "net_gain_r0": -0.002297442276296354,
      "both_correct_r0": 0.7440922542693513,
      "both_wrong_r0": 0.11407872709839592,
      "rescued_r1": 0.02358744719997927,
      "harmed_r1": 0.003330690093031693,
      "net_gain_r1": 0.020256757106947576,
      "both_correct_r1": 0.9633551530228822,
      "both_wrong_r1": 0.00972670968410687
    },
    "roll": {
      "count": 6093520,
      "base_r0": 0.7369254552376951,
      "base_r1": 0.8598371712901575,
      "enhanced_r0": 0.7713649910068401,
      "enhanced_r1": 0.9458757827987764,
      "rescued_r0": 0.09354396145413488,
      "harmed_r0": 0.059104425684989956,
      "net_gain_r0": 0.03443953576914493,
      "both_correct_r0": 0.6778210295527052,
      "both_wrong_r0": 0.16953058330817,
      "rescued_r1": 0.08789221993199334,
      "harmed_r1": 0.0018536084233743387,
      "net_gain_r1": 0.086038611508619,
      "both_correct_r1": 0.8579835628667831,
      "both_wrong_r1": 0.05227060877784925
    }
  },
  "feature_norms": {
    "a_base_norm": 67.24536093032452,
    "a_delta_norm": 40.20824588227089,
    "a_enhanced_norm": 72.70297203859566,
    "b_base_norm": 66.07883759717386,
    "b_delta_norm": 39.75390604649365,
    "b_enhanced_norm": 72.1228697264888
  }
}