{
  "checkpoint": "logs/tb_logs/physical_v2_1_4_googleearth_single/physical_v2_1_4_core_googleearth_rectified_d70_rot45_lg_img512_gpu0_bs6_ebs6_seed66_ep20/checkpoints/best-18.ckpt",
  "manifest": "data/remote_archive/manifests/val_GoogleEarth_single.jsonl",
  "protocol": {
    "grid": "64x64",
    "similarity": "one-way dot-product nearest neighbor",
    "r0": "Chebyshev grid distance == 0",
    "r1": "Chebyshev grid distance <= 1",
    "variants": [
      "translation",
      "scale",
      "yaw",
      "pitch",
      "roll"
    ]
  },
  "metrics": {
    "all": {
      "count": 25630764,
      "base_r0": 0.8087088625216166,
      "base_r1": 0.9401181720529282,
      "enhanced_r0": 0.8185139935742844,
      "enhanced_r1": 0.9793674897868827,
      "rescued_r0": 0.07491329560055253,
      "harmed_r0": 0.06510816454788472,
      "net_gain_r0": 0.009805131052667802,
      "both_correct_r0": 0.7436006979737319,
      "both_wrong_r0": 0.11637784187783087,
      "rescued_r1": 0.04143758648786279,
      "harmed_r1": 0.002188268753908389,
      "net_gain_r1": 0.039249317733954396,
      "both_correct_r1": 0.9379299032990199,
      "both_wrong_r1": 0.018444241459208942
    },
    "translation": {
      "count": 5249204,
      "base_r0": 0.8508248107713093,
      "base_r1": 0.9604938196343674,
      "enhanced_r0": 0.8510305562519574,
      "enhanced_r1": 0.99019470380652,
      "rescued_r0": 0.06762911100425893,
      "harmed_r0": 0.06742336552361082,
      "net_gain_r0": 0.0002057454806481135,
      "both_correct_r0": 0.7834014452476985,
      "both_wrong_r0": 0.08154607822443175,
      "rescued_r1": 0.031341704380321286,
      "harmed_r1": 0.0016408202081687052,
      "net_gain_r1": 0.029700884172152577,
      "both_correct_r1": 0.9588529994261987,
      "both_wrong_r1": 0.008164475985311297
    },
    "scale": {
      "count": 4601629,
      "base_r0": 0.8471336998267353,
      "base_r1": 0.9694273484455179,
      "enhanced_r0": 0.8536257486207601,
      "enhanced_r1": 0.994429146721737,
      "rescued_r0": 0.06702582933130855,
      "harmed_r0": 0.060533780537283643,
      "net_gain_r0": 0.006492048794024898,
      "both_correct_r0": 0.7865999192894516,
      "both_wrong_r0": 0.08584047084195619,
      "rescued_r1": 0.02639717369653225,
      "harmed_r1": 0.0013953754203131108,
      "net_gain_r1": 0.02500179827621914,
      "both_correct_r1": 0.9680319730252047,
      "both_wrong_r1": 0.0041754778579498695
    },
    "yaw": {
      "count": 4862786,
      "base_r0": 0.8093652486455295,
      "base_r1": 0.9645929308836539,
      "enhanced_r0": 0.8138721300916799,
      "enhanced_r1": 0.9878495578460578,
      "rescued_r0": 0.07201345072557172,
      "harmed_r0": 0.06750656927942131,
      "net_gain_r0": 0.004506881446150417,
      "both_correct_r0": 0.7418586793661083,
      "both_wrong_r0": 0.11862130062889874,
      "rescued_r1": 0.026069417819332374,
      "harmed_r1": 0.002812790856928518,
      "net_gain_r1": 0.023256626962403857,
      "both_correct_r1": 0.9617801400267254,
      "both_wrong_r1": 0.009337651297013687
    },
    "pitch": {
      "count": 4823625,
      "base_r0": 0.8161859597294566,
      "base_r1": 0.9666976599549094,
      "enhanced_r0": 0.813883749254969,
      "enhanced_r1": 0.9869604291378372,
      "rescued_r0": 0.06977262950581772,
      "harmed_r0": 0.07207483998030527,
      "net_gain_r0": -0.002302210474487548,
      "both_correct_r0": 0.7441111197491513,
      "both_wrong_r0": 0.1140414107647257,
      "rescued_r1": 0.023584130192541915,
      "harmed_r1": 0.0033213610096141386,
      "net_gain_r1": 0.020262769182927777,
      "both_correct_r1": 0.9633762989452953,
      "both_wrong_r1": 0.009718209852548653
    },
    "roll": {
      "count": 6093520,
      "base_r0": 0.7369686158410902,
      "base_r1": 0.8598606388425738,
      "enhanced_r0": 0.7713572778952067,
      "enhanced_r1": 0.945886942194331,
      "rescued_r0": 0.09352804290459374,
      "harmed_r0": 0.05913938085047723,
      "net_gain_r0": 0.0343886620541165,
      "both_correct_r0": 0.677829234990613,
      "both_wrong_r0": 0.16950334125431607,
      "rescued_r1": 0.08788959419186283,
      "harmed_r1": 0.0018632908401055547,
      "net_gain_r1": 0.08602630335175727,
      "both_correct_r1": 0.8579973480024682,
      "both_wrong_r1": 0.05224976696556342
    }
  },
  "feature_norms": {
    "a_base_norm": 67.24527874474468,
    "a_delta_norm": 40.20836056270662,
    "a_enhanced_norm": 72.70290210275827,
    "b_base_norm": 66.0788702561748,
    "b_delta_norm": 39.75404841468049,
    "b_enhanced_norm": 72.1228299657024
  }
}