{
  "checkpoint": "logs/tb_logs/physical_v2_1_4_googleearth_single/physical_v2_1_4_core_googleearth_rectified_d70_rot45_lg_img512_gpu0_bs6_ebs6_seed66_ep20/checkpoints/best-18.ckpt",
  "manifest": "data/remote_archive/manifests/val_GoogleEarth_single.jsonl",
  "protocol": {
    "grid": "64x64",
    "similarity": "one-way dot-product nearest neighbor",
    "r0": "Chebyshev grid distance == 0",
    "r1": "Chebyshev grid distance <= 1",
    "variants": [
      "translation",
      "scale",
      "yaw",
      "pitch",
      "roll"
    ]
  },
  "metrics": {
    "all": {
      "count": 25630764,
      "base_r0": 0.8089907503342467,
      "base_r1": 0.9401038143069009,
      "enhanced_r0": 0.8185333843345443,
      "enhanced_r1": 0.9793688553333798,
      "rescued_r0": 0.07473959808611245,
      "harmed_r0": 0.065196964085815,
      "net_gain_r0": 0.009542634000297454,
      "both_correct_r0": 0.7437937862484317,
      "both_wrong_r0": 0.11626965157964078,
      "rescued_r1": 0.04145884999760444,
      "harmed_r1": 0.00219380897112548,
      "net_gain_r1": 0.03926504102647896,
      "both_correct_r1": 0.9379100053357754,
      "both_wrong_r1": 0.01843733569549468
    },
    "translation": {
      "count": 5249204,
      "base_r0": 0.8511130449492914,
      "base_r1": 0.9604959151901888,
      "enhanced_r0": 0.8510092196835939,
      "enhanced_r1": 0.9902015619892083,
      "rescued_r0": 0.06742031744241603,
      "harmed_r0": 0.06752414270811345,
      "net_gain_r0": -0.00010382526569742764,
      "both_correct_r0": 0.7835889022411779,
      "both_wrong_r0": 0.0814666376082926,
      "rescued_r1": 0.03135904034211663,
      "harmed_r1": 0.001653393543097201,
      "net_gain_r1": 0.029705646799019433,
      "both_correct_r1": 0.9588425216470916,
      "both_wrong_r1": 0.008145044467694531
    },
    "scale": {
      "count": 4601629,
      "base_r0": 0.8474909646127491,
      "base_r1": 0.9694371275911204,
      "enhanced_r0": 0.8536585630871154,
      "enhanced_r1": 0.9944441414116609,
      "rescued_r0": 0.06681090544239877,
      "harmed_r0": 0.060643306968032405,
      "net_gain_r0": 0.00616759847436636,
      "both_correct_r0": 0.7868476576447166,
      "both_wrong_r0": 0.08569812994485214,
      "rescued_r1": 0.026396956382185525,
      "harmed_r1": 0.0013899425616450175,
      "net_gain_r1": 0.02500701382054051,
      "both_correct_r1": 0.9680471850294754,
      "both_wrong_r1": 0.004165916026694025
    },
    "yaw": {
      "count": 4862786,
      "base_r0": 0.8097545316614797,
      "base_r1": 0.9645758624788342,
      "enhanced_r0": 0.8139576777592105,
      "enhanced_r1": 0.9878530537843944,
      "rescued_r0": 0.0717823075084941,
      "harmed_r0": 0.0675791614107633,
      "net_gain_r0": 0.004203146097730807,
      "both_correct_r0": 0.7421753702507163,
      "both_wrong_r0": 0.11846316083002624,
      "rescued_r1": 0.026090804736215,
      "harmed_r1": 0.0028136134306547727,
      "net_gain_r1": 0.02327719130556023,
      "both_correct_r1": 0.9617622490481794,
      "both_wrong_r1": 0.009333332784950849
    },
    "pitch": {
      "count": 4823625,
      "base_r0": 0.8165887688201301,
      "base_r1": 0.9666947575734017,
      "enhanced_r0": 0.8140046127134676,
      "enhanced_r1": 0.9869633315193449,
      "rescued_r0": 0.06957132861696338,
      "harmed_r0": 0.0721554847236259,
      "net_gain_r0": -0.0025841561066625206,
      "both_correct_r0": 0.7444332840965042,
      "both_wrong_r0": 0.11383990256290653,
      "rescued_r1": 0.02360030060379901,
      "harmed_r1": 0.003331726657855866,
      "net_gain_r1": 0.020268573945943145,
      "both_correct_r1": 0.9633630309155459,
      "both_wrong_r1": 0.009704941822799244
    },
    "roll": {
      "count": 6093520,
      "base_r0": 0.7370066890729825,
      "base_r1": 0.8598069752786567,
      "enhanced_r0": 0.7712684950570442,
      "enhanced_r1": 0.9458703672097573,
      "rescued_r0": 0.09348340532237524,
      "harmed_r0": 0.05922159933831349,
      "net_gain_r0": 0.034261805984061755,
      "both_correct_r0": 0.677785089734669,
      "both_wrong_r0": 0.1695099056046423,
      "rescued_r1": 0.08793439588283948,
      "harmed_r1": 0.0018710039517388964,
      "net_gain_r1": 0.08606339193110057,
      "both_correct_r1": 0.8579359713269178,
      "both_wrong_r1": 0.05225862883850385
    }
  },
  "feature_norms": {
    "a_base_norm": 67.24527874474468,
    "a_delta_norm": 40.20836056270662,
    "a_enhanced_norm": 72.70290210275827,
    "b_base_norm": 66.0788702561748,
    "b_delta_norm": 39.75404841468049,
    "b_enhanced_norm": 72.1228299657024
  }
}