{
  "best_checkpoint": "/home/disk1/SLiM/logs/tb_logs/physical_v2_1_4_googleearth_single/physical_v2_1_4_core_googleearth_rectified_d70_rot45_lg_img512_gpu0_bs6_ebs6_seed66_ep20/checkpoints/best-18.ckpt",
  "selection_metric": "val/enhanced_r0",
  "val_pairs_during_training": 1822,
  "full_val_pairs": 9110,
  "metrics": {
    "full_val/loss_total": 5.130444049835205,
    "full_val/loss_recover": 1.1029562950134277,
    "full_val/loss_keep": 0.017727220430970192,
    "full_val/loss_physical": 2.286876916885376,
    "full_val/loss_unary": 14.373122215270996,
    "full_val/loss_orientation": 0.04992987588047981,
    "full_val/base_positive_confidence": 0.639215350151062,
    "full_val/enhanced_positive_confidence": 0.6962733864784241,
    "full_val/recovery_weight": 1.0,
    "full_val/scale_weight_entropy": 0.8527786731719971,
    "full_val/odd_selection_fraction": 0.9470776915550232,
    "full_val/enhanced_all_r0": 0.8446226119995117,
    "full_val/enhanced_r0": 0.8446226119995117,
    "full_val/enhanced_all_r1": 0.9784048795700073,
    "full_val/enhanced_all_positive_similarity": 21.627182006835938,
    "full_val/enhanced_all_hard_negative_similarity": 16.75693130493164,
    "full_val/enhanced_all_margin": 4.8702497482299805,
    "full_val/enhanced_all_entropy": 0.3989475965499878,
    "full_val/enhanced_all_normalized_entropy": 0.04796331003308296,
    "full_val/enhanced_translation_r0": 0.907326340675354,
    "full_val/enhanced_translation_r1": 0.9909566640853882,
    "full_val/enhanced_translation_positive_similarity": 22.414182662963867,
    "full_val/enhanced_translation_hard_negative_similarity": 16.497417449951172,
    "full_val/enhanced_translation_margin": 5.916764259338379,
    "full_val/enhanced_translation_entropy": 0.24650882184505463,
    "full_val/enhanced_translation_normalized_entropy": 0.02963642217218876,
    "full_val/enhanced_scale_r0": 0.8729445934295654,
    "full_val/enhanced_scale_r1": 0.9939166307449341,
    "full_val/enhanced_scale_positive_similarity": 22.785764694213867,
    "full_val/enhanced_scale_hard_negative_similarity": 17.4558162689209,
    "full_val/enhanced_scale_margin": 5.329949378967285,
    "full_val/enhanced_scale_entropy": 0.32373902201652527,
    "full_val/enhanced_scale_normalized_entropy": 0.03892138972878456,
    "full_val/enhanced_yaw_r0": 0.8207963109016418,
    "full_val/enhanced_yaw_r1": 0.986601710319519,
    "full_val/enhanced_yaw_positive_similarity": 21.19801139831543,
    "full_val/enhanced_yaw_hard_negative_similarity": 16.88214111328125,
    "full_val/enhanced_yaw_margin": 4.315871238708496,
    "full_val/enhanced_yaw_entropy": 0.4228997826576233,
    "full_val/enhanced_yaw_normalized_entropy": 0.050842948257923126,
    "full_val/enhanced_pitch_r0": 0.8222501873970032,
    "full_val/enhanced_pitch_r1": 0.9858739376068115,
    "full_val/enhanced_pitch_positive_similarity": 21.17258644104004,
    "full_val/enhanced_pitch_hard_negative_similarity": 16.829025268554688,
    "full_val/enhanced_pitch_margin": 4.343561172485352,
    "full_val/enhanced_pitch_entropy": 0.428228497505188,
    "full_val/enhanced_pitch_normalized_entropy": 0.05148359388113022,
    "full_val/enhanced_roll_r0": 0.8080611228942871,
    "full_val/enhanced_roll_r1": 0.9442281126976013,
    "full_val/enhanced_roll_positive_similarity": 20.770294189453125,
    "full_val/enhanced_roll_hard_negative_similarity": 16.262102127075195,
    "full_val/enhanced_roll_margin": 4.508192539215088,
    "full_val/enhanced_roll_entropy": 0.5381923913955688,
    "full_val/enhanced_roll_normalized_entropy": 0.06470395624637604
  }
}